EPOCHS_EMPTY_FROM_MVT_TMIN,EPOCHS_LENGTH,EPOCHS_TMIN,FMAX,FMIN,pipeline,cov__estimator,score_A,score_B,score_C,score_X,duration_preprocessing,duration_train,memory,FILE_PATH,NUMBER_OF_SESSIONS,RANDOM_STATE,N_SPLIT,BINARY_CLASSIFICATION,VERSION,PATH_RESULTS,NAME_RESULTS,PATH_DATA_PROCESSED,FOLDER_RESULTS_ITERATIONS,NAME_RESULTS_ITERATIONS,LOG_FOLDER,SAVE_EACH_ITERATION,REMOVE_ITERATIONS,REMOVE_DATA_PROCESSED
-6,1.7,-0.75,10.0,4,"Pipeline(steps=[('cov', Covariances(estimator='oas')), ('ts', TangentSpace()),
                ('ss', StandardScaler()), ('clf', SVC())])",oas,0.7303898001539946,0.7055729937634017,0.6600711143505124,0.7276655548179525,515.238076210022,359.6686227321625,2476.125,./../../../data/raw/Data_npy/,-1,42,4,True,4,./results/,RSVM_MVT_search_preproc,./data/processed/,/iterations/,RSVM_MVT_search_preproc_iter,./logs/,True,True,True
-6,1.7,-0.75,15.0,2,"Pipeline(steps=[('cov', Covariances(estimator='oas')), ('ts', TangentSpace()),
                ('ss', StandardScaler()), ('clf', SVC())])",oas,0.7966074231323054,0.7736855749254686,0.7231663376677739,0.7934411379530153,500.8323175907135,331.98024249076843,2272.4453125,./../../../data/raw/Data_npy/,-1,42,4,True,4,./results/,RSVM_MVT_search_preproc,./data/processed/,/iterations/,RSVM_MVT_search_preproc_iter,./logs/,True,True,True
-6,1.7,-0.75,15.0,10,"Pipeline(steps=[('cov', Covariances(estimator='oas')), ('ts', TangentSpace()),
                ('ss', StandardScaler()), ('clf', SVC())])",oas,0.779231714188257,0.7734915312884979,0.7458574211229028,0.7891624768008341,489.023286819458,357.6343102455139,2602.1171875,./../../../data/raw/Data_npy/,-1,42,4,True,4,./results/,RSVM_MVT_search_preproc,./data/processed/,/iterations/,RSVM_MVT_search_preproc_iter,./logs/,True,True,True
-6,1.7,-0.75,20.0,3,"Pipeline(steps=[('cov', Covariances(estimator='oas')), ('ts', TangentSpace()),
                ('ss', StandardScaler()), ('clf', SVC())])",oas,0.8285229954533397,0.8092187049530215,0.7397327544137453,0.8257917003445832,476.46302914619446,335.73366594314575,1784.4140625,./../../../data/raw/Data_npy/,-1,42,4,True,4,./results/,RSVM_MVT_search_preproc,./data/processed/,/iterations/,RSVM_MVT_search_preproc_iter,./logs/,True,True,True
-6,1.7,-0.75,20.0,11,"Pipeline(steps=[('cov', Covariances(estimator='oas')), ('ts', TangentSpace()),
                ('ss', StandardScaler()), ('clf', SVC())])",oas,0.8285853980900811,0.8173597110066086,0.768241620897001,0.8370668020882168,513.5663828849792,349.9742567539215,1780.27734375,./../../../data/raw/Data_npy/,-1,42,4,True,4,./results/,RSVM_MVT_search_preproc,./data/processed/,/iterations/,RSVM_MVT_search_preproc_iter,./logs/,True,True,True
-6,1.7,-0.75,20.0,19,"Pipeline(steps=[('cov', Covariances(estimator='oas')), ('ts', TangentSpace()),
                ('ss', StandardScaler()), ('clf', SVC())])",oas,0.7979898138506014,0.7889391729213793,0.7326588420829101,0.7929861096492458,494.3257348537445,390.52612113952637,1780.94140625,./../../../data/raw/Data_npy/,-1,42,4,True,4,./results/,RSVM_MVT_search_preproc,./data/processed/,/iterations/,RSVM_MVT_search_preproc_iter,./logs/,True,True,True
-6,1.7,-0.75,25.0,7,"Pipeline(steps=[('cov', Covariances(estimator='oas')), ('ts', TangentSpace()),
                ('ss', StandardScaler()), ('clf', SVC())])",oas,0.8468160074455782,0.8314967616041182,0.7554805382205322,0.8478909967541377,475.75512170791626,318.88715410232544,1974.85546875,./../../../data/raw/Data_npy/,-1,42,4,True,4,./results/,RSVM_MVT_search_preproc,./data/processed/,/iterations/,RSVM_MVT_search_preproc_iter,./logs/,True,True,True
-6,1.7,-0.75,25.0,15,"Pipeline(steps=[('cov', Covariances(estimator='oas')), ('ts', TangentSpace()),
                ('ss', StandardScaler()), ('clf', SVC())])",oas,0.8443566038950321,0.826005827956868,0.7589316072959967,0.8444105879496491,486.90909028053284,339.0328371524811,1788.38671875,./../../../data/raw/Data_npy/,-1,42,4,True,4,./results/,RSVM_MVT_search_preproc,./data/processed/,/iterations/,RSVM_MVT_search_preproc_iter,./logs/,True,True,True
-6,1.7,-0.75,25.0,23,"Pipeline(steps=[('cov', Covariances(estimator='oas')), ('ts', TangentSpace()),
                ('ss', StandardScaler()), ('clf', SVC())])",oas,0.8038555089628974,0.7859913574119883,0.7079404890800614,0.8007922022661738,498.6070659160614,344.6818597316742,2631.90234375,./../../../data/raw/Data_npy/,-1,42,4,True,4,./results/,RSVM_MVT_search_preproc,./data/processed/,/iterations/,RSVM_MVT_search_preproc_iter,./logs/,True,True,True
-6,1.7,-0.75,30.0,6,"Pipeline(steps=[('cov', Covariances(estimator='oas')), ('ts', TangentSpace()),
                ('ss', StandardScaler()), ('clf', SVC())])",oas,0.849679335171198,0.8368093819312504,0.7496504297928344,0.849162692197323,497.505384683609,307.99876952171326,2463.74609375,./../../../data/raw/Data_npy/,-1,42,4,True,4,./results/,RSVM_MVT_search_preproc,./data/processed/,/iterations/,RSVM_MVT_search_preproc_iter,./logs/,True,True,True
-6,1.7,-0.75,30.0,14,"Pipeline(steps=[('cov', Covariances(estimator='oas')), ('ts', TangentSpace()),
                ('ss', StandardScaler()), ('clf', SVC())])",oas,0.8530779120628642,0.8311685119930076,0.7457084006154622,0.8527757597925365,509.04590106010437,332.13725423812866,1784.04296875,./../../../data/raw/Data_npy/,-1,42,4,True,4,./results/,RSVM_MVT_search_preproc,./data/processed/,/iterations/,RSVM_MVT_search_preproc_iter,./logs/,True,True,True
-6,1.7,-0.75,30.0,22,"Pipeline(steps=[('cov', Covariances(estimator='oas')), ('ts', TangentSpace()),
                ('ss', StandardScaler()), ('clf', SVC())])",oas,0.8169576289064566,0.7996152119237951,0.7040052368645666,0.8139339758213495,516.2975099086761,345.50831389427185,1785.640625,./../../../data/raw/Data_npy/,-1,42,4,True,4,./results/,RSVM_MVT_search_preproc,./data/processed/,/iterations/,RSVM_MVT_search_preproc_iter,./logs/,True,True,True
-6,1.7,-0.75,32.5,0,"Pipeline(steps=[('cov', Covariances(estimator='oas')), ('ts', TangentSpace()),
                ('ss', StandardScaler()), ('clf', SVC())])",oas,0.8507976360636598,0.8298312673516071,0.7381354184928681,0.8450886487436711,548.262613773346,309.63502168655396,1974.85546875,./../../../data/raw/Data_npy/,-1,42,4,True,4,./results/,RSVM_MVT_search_preproc,./data/processed/,/iterations/,RSVM_MVT_search_preproc_iter,./logs/,True,True,True
-6,1.7,-0.75,32.5,8,"Pipeline(steps=[('cov', Covariances(estimator='oas')), ('ts', TangentSpace()),
                ('ss', StandardScaler()), ('clf', SVC())])",oas,0.8564283838044959,0.8373131013119366,0.7548542002680432,0.8542875794751534,487.849720954895,306.9808762073517,2463.74609375,./../../../data/raw/Data_npy/,-1,42,4,True,4,./results/,RSVM_MVT_search_preproc,./data/processed/,/iterations/,RSVM_MVT_search_preproc_iter,./logs/,True,True,True
-6,1.7,-0.75,32.5,16,"Pipeline(steps=[('cov', Covariances(estimator='oas')), ('ts', TangentSpace()),
                ('ss', StandardScaler()), ('clf', SVC())])",oas,0.8482273369541911,0.8320051542074508,0.7428035583093379,0.851899730126456,471.6006181240082,329.352089881897,1788.125,./../../../data/raw/Data_npy/,-1,42,4,True,4,./results/,RSVM_MVT_search_preproc,./data/processed/,/iterations/,RSVM_MVT_search_preproc_iter,./logs/,True,True,True
-6,1.7,-0.75,32.5,24,"Pipeline(steps=[('cov', Covariances(estimator='oas')), ('ts', TangentSpace()),
                ('ss', StandardScaler()), ('clf', SVC())])",oas,0.8044682269297699,0.7871646466559901,0.6881145841150564,0.8006419732366612,500.7589211463928,345.32845282554626,1786.23828125,./../../../data/raw/Data_npy/,-1,42,4,True,4,./results/,RSVM_MVT_search_preproc,./data/processed/,/iterations/,RSVM_MVT_search_preproc_iter,./logs/,True,True,True
-6,1.7,-0.75,35.0,1,"Pipeline(steps=[('cov', Covariances(estimator='oas')), ('ts', TangentSpace()),
                ('ss', StandardScaler()), ('clf', SVC())])",oas,0.852041524549489,0.8280065321874122,0.7352619122330191,0.8470053676910922,513.1381981372833,307.4678997993469,2631.90234375,./../../../data/raw/Data_npy/,-1,42,4,True,4,./results/,RSVM_MVT_search_preproc,./data/processed/,/iterations/,RSVM_MVT_search_preproc_iter,./logs/,True,True,True
-6,1.7,-0.75,35.0,9,"Pipeline(steps=[('cov', Covariances(estimator='oas')), ('ts', TangentSpace()),
                ('ss', StandardScaler()), ('clf', SVC())])",oas,0.8568628765099129,0.8368195030239679,0.7515206448741159,0.8564758600884557,514.320395231247,327.3026874065399,1783.52734375,./../../../data/raw/Data_npy/,-1,42,4,True,4,./results/,RSVM_MVT_search_preproc,./data/processed/,/iterations/,RSVM_MVT_search_preproc_iter,./logs/,True,True,True
-6,1.7,-0.75,35.0,17,"Pipeline(steps=[('cov', Covariances(estimator='oas')), ('ts', TangentSpace()),
                ('ss', StandardScaler()), ('clf', SVC())])",oas,0.8471637176883995,0.8275212923912658,0.7385176614070732,0.85032606007726,500.3315930366516,327.18230652809143,1974.85546875,./../../../data/raw/Data_npy/,-1,42,4,True,4,./results/,RSVM_MVT_search_preproc,./data/processed/,/iterations/,RSVM_MVT_search_preproc_iter,./logs/,True,True,True
-6,1.7,-0.75,35.0,25,"Pipeline(steps=[('cov', Covariances(estimator='oas')), ('ts', TangentSpace()),
                ('ss', StandardScaler()), ('clf', SVC())])",oas,0.7955499756051903,0.7796962473396788,0.6754621994917378,0.7967853185756005,480.9014904499054,337.4437427520752,2463.74609375,./../../../data/raw/Data_npy/,-1,42,4,True,4,./results/,RSVM_MVT_search_preproc,./data/processed/,/iterations/,RSVM_MVT_search_preproc_iter,./logs/,True,True,True
-6,1.7,-0.75,37.5,2,"Pipeline(steps=[('cov', Covariances(estimator='oas')), ('ts', TangentSpace()),
                ('ss', StandardScaler()), ('clf', SVC())])",oas,0.8486689537188276,0.8271751762167698,0.7344447083301683,0.8472957540967503,547.6965658664703,314.33196544647217,2631.90234375,./../../../data/raw/Data_npy/,-1,42,4,True,4,./results/,RSVM_MVT_search_preproc,./data/processed/,/iterations/,RSVM_MVT_search_preproc_iter,./logs/,True,True,True
-6,1.7,-0.75,37.5,10,"Pipeline(steps=[('cov', Covariances(estimator='oas')), ('ts', TangentSpace()),
                ('ss', StandardScaler()), ('clf', SVC())])",oas,0.8558675926368182,0.8353086896502221,0.7430623357263638,0.8583588381785625,508.1184813976288,337.59062337875366,1787.39453125,./../../../data/raw/Data_npy/,-1,42,4,True,4,./results/,RSVM_MVT_search_preproc,./data/processed/,/iterations/,RSVM_MVT_search_preproc_iter,./logs/,True,True,True
-6,1.7,-0.75,37.5,18,"Pipeline(steps=[('cov', Covariances(estimator='oas')), ('ts', TangentSpace()),
                ('ss', StandardScaler()), ('clf', SVC())])",oas,0.8475330943909223,0.8251829092972941,0.7204223929124286,0.8493919472115156,516.1644248962402,341.7644979953766,1784.30859375,./../../../data/raw/Data_npy/,-1,42,4,True,4,./results/,RSVM_MVT_search_preproc,./data/processed/,/iterations/,RSVM_MVT_search_preproc_iter,./logs/,True,True,True
-6,1.7,-0.75,37.5,26,"Pipeline(steps=[('cov', Covariances(estimator='oas')), ('ts', TangentSpace()),
                ('ss', StandardScaler()), ('clf', SVC())])",oas,0.7778378616469346,0.7599216293565447,0.6606843307001233,0.7799497972175116,523.7216544151306,358.7936794757843,1786.80859375,./../../../data/raw/Data_npy/,-1,42,4,True,4,./results/,RSVM_MVT_search_preproc,./data/processed/,/iterations/,RSVM_MVT_search_preproc_iter,./logs/,True,True,True
-6,1.7,-0.75,40.0,2,"Pipeline(steps=[('cov', Covariances(estimator='oas')), ('ts', TangentSpace()),
                ('ss', StandardScaler()), ('clf', SVC())])",oas,0.8500343704764513,0.8268398467480506,0.7333407234870837,0.8457913781421682,473.97749876976013,316.45291113853455,1974.85546875,./../../../data/raw/Data_npy/,-1,42,4,True,4,./results/,RSVM_MVT_search_preproc,./data/processed/,/iterations/,RSVM_MVT_search_preproc_iter,./logs/,True,True,True
-6,1.7,-0.75,40.0,10,"Pipeline(steps=[('cov', Covariances(estimator='oas')), ('ts', TangentSpace()),
                ('ss', StandardScaler()), ('clf', SVC())])",oas,0.855936847755493,0.8356360726754302,0.7383977956692451,0.8580343746479652,503.2471306324005,319.6870427131653,2463.74609375,./../../../data/raw/Data_npy/,-1,42,4,True,4,./results/,RSVM_MVT_search_preproc,./data/processed/,/iterations/,RSVM_MVT_search_preproc_iter,./logs/,True,True,True
-6,1.7,-0.75,40.0,18,"Pipeline(steps=[('cov', Covariances(estimator='oas')), ('ts', TangentSpace()),
                ('ss', StandardScaler()), ('clf', SVC())])",oas,0.841436241032957,0.8256919466514713,0.7128600813549576,0.845266271839083,502.7269217967987,336.6016888618469,2631.90234375,./../../../data/raw/Data_npy/,-1,42,4,True,4,./results/,RSVM_MVT_search_preproc,./data/processed/,/iterations/,RSVM_MVT_search_preproc_iter,./logs/,True,True,True
-6,1.7,-0.75,40.0,26,"Pipeline(steps=[('cov', Covariances(estimator='oas')), ('ts', TangentSpace()),
                ('ss', StandardScaler()), ('clf', SVC())])",oas,0.784991109455146,0.7577697307445128,0.6500597329441987,0.772467469669944,549.3921165466309,364.06545662879944,1790.78515625,./../../../data/raw/Data_npy/,-1,42,4,True,4,./results/,RSVM_MVT_search_preproc,./data/processed/,/iterations/,RSVM_MVT_search_preproc_iter,./logs/,True,True,True
-6,1.7,-0.75,42.5,2,"Pipeline(steps=[('cov', Covariances(estimator='oas')), ('ts', TangentSpace()),
                ('ss', StandardScaler()), ('clf', SVC())])",oas,0.8522879106490756,0.8235233034066503,0.7336716181085584,0.8554649943460055,512.911101102829,332.50930738449097,1783.82421875,./../../../data/raw/Data_npy/,-1,42,4,True,4,./results/,RSVM_MVT_search_preproc,./data/processed/,/iterations/,RSVM_MVT_search_preproc_iter,./logs/,True,True,True
-6,1.7,-0.75,42.5,10,"Pipeline(steps=[('cov', Covariances(estimator='oas')), ('ts', TangentSpace()),
                ('ss', StandardScaler()), ('clf', SVC())])",oas,0.8575321657163778,0.8318243458601975,0.7518899377972734,0.8580341928090706,519.7482967376709,334.6906907558441,1783.453125,./../../../data/raw/Data_npy/,-1,42,4,True,4,./results/,RSVM_MVT_search_preproc,./data/processed/,/iterations/,RSVM_MVT_search_preproc_iter,./logs/,True,True,True
-6,1.7,-0.75,42.5,18,"Pipeline(steps=[('cov', Covariances(estimator='oas')), ('ts', TangentSpace()),
                ('ss', StandardScaler()), ('clf', SVC())])",oas,0.8421841598521048,0.8193857633449374,0.7218769834287474,0.8486836001094666,478.71114349365234,338.2344055175781,1969.52734375,./../../../data/raw/Data_npy/,-1,42,4,True,4,./results/,RSVM_MVT_search_preproc,./data/processed/,/iterations/,RSVM_MVT_search_preproc_iter,./logs/,True,True,True
-6,1.7,-0.75,42.5,26,"Pipeline(steps=[('cov', Covariances(estimator='oas')), ('ts', TangentSpace()),
                ('ss', StandardScaler()), ('clf', SVC())])",oas,0.7735216902547589,0.7481432489387398,0.6470946866005957,0.7766435166207177,505.3436589241028,346.1573181152344,2458.41796875,./../../../data/raw/Data_npy/,-1,42,4,True,4,./results/,RSVM_MVT_search_preproc,./data/processed/,/iterations/,RSVM_MVT_search_preproc_iter,./logs/,True,True,True
-6,1.7,-0.75,45.0,1,"Pipeline(steps=[('cov', Covariances(estimator='oas')), ('ts', TangentSpace()),
                ('ss', StandardScaler()), ('clf', SVC())])",oas,0.8423532651088153,0.8201946315284611,0.7254293925285776,0.8443468891173778,509.63648891448975,322.7576971054077,2626.57421875,./../../../data/raw/Data_npy/,-1,42,4,True,4,./results/,RSVM_MVT_search_preproc,./data/processed/,/iterations/,RSVM_MVT_search_preproc_iter,./logs/,True,True,True
-6,1.7,-0.75,45.0,9,"Pipeline(steps=[('cov', Covariances(estimator='oas')), ('ts', TangentSpace()),
                ('ss', StandardScaler()), ('clf', SVC())])",oas,0.8477874584606454,0.8235248168042525,0.7441400214256096,0.8517356565478211,518.3589818477631,338.32604146003723,1778.26953125,./../../../data/raw/Data_npy/,-1,42,4,True,4,./results/,RSVM_MVT_search_preproc,./data/processed/,/iterations/,RSVM_MVT_search_preproc_iter,./logs/,True,True,True
-6,1.7,-0.75,45.0,17,"Pipeline(steps=[('cov', Covariances(estimator='oas')), ('ts', TangentSpace()),
                ('ss', StandardScaler()), ('clf', SVC())])",oas,0.8306628233772703,0.8130864721490613,0.7194251367804638,0.8397533414720967,523.3888788223267,345.97481989860535,1783.140625,./../../../data/raw/Data_npy/,-1,42,4,True,4,./results/,RSVM_MVT_search_preproc,./data/processed/,/iterations/,RSVM_MVT_search_preproc_iter,./logs/,True,True,True
-6,1.7,-0.75,45.0,25,"Pipeline(steps=[('cov', Covariances(estimator='oas')), ('ts', TangentSpace()),
                ('ss', StandardScaler()), ('clf', SVC())])",oas,0.7741174469930173,0.7559684440256508,0.6572234583989723,0.7704350219658668,549.5336792469025,359.9931766986847,1781.4921875,./../../../data/raw/Data_npy/,-1,42,4,True,4,./results/,RSVM_MVT_search_preproc,./data/processed/,/iterations/,RSVM_MVT_search_preproc_iter,./logs/,True,True,True
-6,1.7,-0.75,47.5,0,"Pipeline(steps=[('cov', Covariances(estimator='oas')), ('ts', TangentSpace()),
                ('ss', StandardScaler()), ('clf', SVC())])",oas,0.8365456247698474,0.8142052644862847,0.714981538801716,0.8406067309809659,520.5440700054169,322.9287829399109,1969.52734375,./../../../data/raw/Data_npy/,-1,42,4,True,4,./results/,RSVM_MVT_search_preproc,./data/processed/,/iterations/,RSVM_MVT_search_preproc_iter,./logs/,True,True,True
-6,1.7,-0.75,47.5,8,"Pipeline(steps=[('cov', Covariances(estimator='oas')), ('ts', TangentSpace()),
                ('ss', StandardScaler()), ('clf', SVC())])",oas,0.8388410564154963,0.8212045137046358,0.7369129028244918,0.8423399751646823,503.13399600982666,328.09703397750854,2458.41796875,./../../../data/raw/Data_npy/,-1,42,4,True,4,./results/,RSVM_MVT_search_preproc,./data/processed/,/iterations/,RSVM_MVT_search_preproc_iter,./logs/,True,True,True
-6,1.7,-0.75,47.5,16,"Pipeline(steps=[('cov', Covariances(estimator='oas')), ('ts', TangentSpace()),
                ('ss', StandardScaler()), ('clf', SVC())])",oas,0.8316144046946116,0.8104210899529998,0.7169126332074052,0.8372601908082231,526.6111745834351,332.2648947238922,2626.57421875,./../../../data/raw/Data_npy/,-1,42,4,True,4,./results/,RSVM_MVT_search_preproc,./data/processed/,/iterations/,RSVM_MVT_search_preproc_iter,./logs/,True,True,True
-6,1.7,-0.75,47.5,24,"Pipeline(steps=[('cov', Covariances(estimator='oas')), ('ts', TangentSpace()),
                ('ss', StandardScaler()), ('clf', SVC())])",oas,0.7828592046530417,0.7626260394795257,0.6569106366692287,0.7835273892128243,515.9915375709534,355.21159648895264,1781.16796875,./../../../data/raw/Data_npy/,-1,42,4,True,4,./results/,RSVM_MVT_search_preproc,./data/processed/,/iterations/,RSVM_MVT_search_preproc_iter,./logs/,True,True,True
-6,1.7,-0.75,47.5,40,"Pipeline(steps=[('cov', Covariances(estimator='oas')), ('ts', TangentSpace()),
                ('ss', StandardScaler()), ('clf', SVC())])",oas,0.60891371742173,0.6508738437410907,0.5466279177423548,0.6013515570796759,522.5169208049774,370.2818078994751,1783.7421875,./../../../data/raw/Data_npy/,-1,42,4,True,4,./results/,RSVM_MVT_search_preproc,./data/processed/,/iterations/,RSVM_MVT_search_preproc_iter,./logs/,True,True,True
-6,1.7,-0.75,50.0,7,"Pipeline(steps=[('cov', Covariances(estimator='oas')), ('ts', TangentSpace()),
                ('ss', StandardScaler()), ('clf', SVC())])",oas,0.8387232032276741,0.8222122447987454,0.7326367267336812,0.8425604591831131,551.53413438797,334.52960872650146,1778.46484375,./../../../data/raw/Data_npy/,-1,42,4,True,4,./results/,RSVM_MVT_search_preproc,./data/processed/,/iterations/,RSVM_MVT_search_preproc_iter,./logs/,True,True,True
-6,1.7,-0.75,50.0,15,"Pipeline(steps=[('cov', Covariances(estimator='oas')), ('ts', TangentSpace()),
                ('ss', StandardScaler()), ('clf', SVC())])",oas,0.8339562133603926,0.8070994720871099,0.7144503469236962,0.8400520772467168,501.3703818321228,339.27362418174744,1969.52734375,./../../../data/raw/Data_npy/,-1,42,4,True,4,./results/,RSVM_MVT_search_preproc,./data/processed/,/iterations/,RSVM_MVT_search_preproc_iter,./logs/,True,True,True
-6,1.7,-0.75,50.0,23,"Pipeline(steps=[('cov', Covariances(estimator='oas')), ('ts', TangentSpace()),
                ('ss', StandardScaler()), ('clf', SVC())])",oas,0.7916208703639098,0.7691010706315844,0.6631096522111037,0.7947645127511678,507.1921546459198,340.81592297554016,2458.41796875,./../../../data/raw/Data_npy/,-1,42,4,True,4,./results/,RSVM_MVT_search_preproc,./data/processed/,/iterations/,RSVM_MVT_search_preproc_iter,./logs/,True,True,True
-6,1.7,-0.75,50.0,35,"Pipeline(steps=[('cov', Covariances(estimator='oas')), ('ts', TangentSpace()),
                ('ss', StandardScaler()), ('clf', SVC())])",oas,0.6287002191647759,0.6669878790404921,0.5590897810847173,0.6240311458392473,526.0027079582214,350.69003415107727,2626.57421875,./../../../data/raw/Data_npy/,-1,42,4,True,4,./results/,RSVM_MVT_search_preproc,./data/processed/,/iterations/,RSVM_MVT_search_preproc_iter,./logs/,True,True,True
-6,1.7,-0.75,52.5,6,"Pipeline(steps=[('cov', Covariances(estimator='oas')), ('ts', TangentSpace()),
                ('ss', StandardScaler()), ('clf', SVC())])",oas,0.8387342978372738,0.8197084991081212,0.7204951534317872,0.8391966104565824,516.2894461154938,329.7190613746643,1778.70703125,./../../../data/raw/Data_npy/,-1,42,4,True,4,./results/,RSVM_MVT_search_preproc,./data/processed/,/iterations/,RSVM_MVT_search_preproc_iter,./logs/,True,True,True
-6,1.7,-0.75,52.5,14,"Pipeline(steps=[('cov', Covariances(estimator='oas')), ('ts', TangentSpace()),
                ('ss', StandardScaler()), ('clf', SVC())])",oas,0.8340253462438421,0.8059241955235663,0.7153080994524441,0.8362807591933367,523.3611469268799,344.9770383834839,1782.84765625,./../../../data/raw/Data_npy/,-1,42,4,True,4,./results/,RSVM_MVT_search_preproc,./data/processed/,/iterations/,RSVM_MVT_search_preproc_iter,./logs/,True,True,True
-6,1.7,-0.75,52.5,22,"Pipeline(steps=[('cov', Covariances(estimator='oas')), ('ts', TangentSpace()),
                ('ss', StandardScaler()), ('clf', SVC())])",oas,0.8038204138765832,0.7727549672363498,0.6690541945594962,0.8035963085997799,528.0269660949707,351.7976062297821,1780.54296875,./../../../data/raw/Data_npy/,-1,42,4,True,4,./results/,RSVM_MVT_search_preproc,./data/processed/,/iterations/,RSVM_MVT_search_preproc_iter,./logs/,True,True,True
-6,1.7,-0.75,52.5,30,"Pipeline(steps=[('cov', Covariances(estimator='oas')), ('ts', TangentSpace()),
                ('ss', StandardScaler()), ('clf', SVC())])",oas,0.6733989119832235,0.6908993824529772,0.5882903626067798,0.6817630451026944,508.8609776496887,349.6565282344818,1993.0859375,./../../../data/raw/Data_npy/,-1,42,4,True,4,./results/,RSVM_MVT_search_preproc,./data/processed/,/iterations/,RSVM_MVT_search_preproc_iter,./logs/,True,True,True
-6,1.7,-0.75,55.0,5,"Pipeline(steps=[('cov', Covariances(estimator='oas')), ('ts', TangentSpace()),
                ('ss', StandardScaler()), ('clf', SVC())])",oas,0.8334252682815412,0.8120535920396923,0.7178430662874045,0.8354903436662312,504.61212635040283,327.2758002281189,2458.41796875,./../../../data/raw/Data_npy/,-1,42,4,True,4,./results/,RSVM_MVT_search_preproc,./data/processed/,/iterations/,RSVM_MVT_search_preproc_iter,./logs/,True,True,True
-6,1.7,-0.75,55.0,13,"Pipeline(steps=[('cov', Covariances(estimator='oas')), ('ts', TangentSpace()),
                ('ss', StandardScaler()), ('clf', SVC())])",oas,0.8352103845665255,0.8049138419760868,0.7227523259365928,0.8384626259082264,522.4075934886932,334.20311403274536,2626.57421875,./../../../data/raw/Data_npy/,-1,42,4,True,4,./results/,RSVM_MVT_search_preproc,./data/processed/,/iterations/,RSVM_MVT_search_preproc_iter,./logs/,True,True,True
-6,1.7,-0.75,55.0,21,"Pipeline(steps=[('cov', Covariances(estimator='oas')), ('ts', TangentSpace()),
                ('ss', StandardScaler()), ('clf', SVC())])",oas,0.8091525290960561,0.7795589248783528,0.6730252436419013,0.8117006601075072,516.17555809021,344.16297674179077,1780.265625,./../../../data/raw/Data_npy/,-1,42,4,True,4,./results/,RSVM_MVT_search_preproc,./data/processed/,/iterations/,RSVM_MVT_search_preproc_iter,./logs/,True,True,True
-6,1.7,-0.75,55.0,29,"Pipeline(steps=[('cov', Covariances(estimator='oas')), ('ts', TangentSpace()),
                ('ss', StandardScaler()), ('clf', SVC())])",oas,0.6891228738339785,0.6980419709002508,0.5969730255267447,0.6941601608901083,525.4139182567596,362.0772385597229,1786.66015625,./../../../data/raw/Data_npy/,-1,42,4,True,4,./results/,RSVM_MVT_search_preproc,./data/processed/,/iterations/,RSVM_MVT_search_preproc_iter,./logs/,True,True,True
-6,1.7,-0.75,60.0,4,"Pipeline(steps=[('cov', Covariances(estimator='oas')), ('ts', TangentSpace()),
                ('ss', StandardScaler()), ('clf', SVC())])",oas,0.834528224413916,0.8020940609885243,0.712078672908678,0.8373422957631937,524.4198558330536,336.8646306991577,1778.86328125,./../../../data/raw/Data_npy/,-1,42,4,True,4,./results/,RSVM_MVT_search_preproc,./data/processed/,/iterations/,RSVM_MVT_search_preproc_iter,./logs/,True,True,True
-6,1.7,-0.75,60.0,12,"Pipeline(steps=[('cov', Covariances(estimator='oas')), ('ts', TangentSpace()),
                ('ss', StandardScaler()), ('clf', SVC())])",oas,0.8374295073528819,0.8050820421856008,0.7228166754120637,0.8378808689662899,509.83290457725525,336.91801381111145,1969.52734375,./../../../data/raw/Data_npy/,-1,42,4,True,4,./results/,RSVM_MVT_search_preproc,./data/processed/,/iterations/,RSVM_MVT_search_preproc_iter,./logs/,True,True,True
-6,1.7,-0.75,60.0,20,"Pipeline(steps=[('cov', Covariances(estimator='oas')), ('ts', TangentSpace()),
                ('ss', StandardScaler()), ('clf', SVC())])",oas,0.8143728897593471,0.7858688170070955,0.680604796988133,0.8179022683856749,517.9548642635345,341.60834884643555,2458.41796875,./../../../data/raw/Data_npy/,-1,42,4,True,4,./results/,RSVM_MVT_search_preproc,./data/processed/,/iterations/,RSVM_MVT_search_preproc_iter,./logs/,True,True,True
-6,1.7,-0.75,60.0,28,"Pipeline(steps=[('cov', Covariances(estimator='oas')), ('ts', TangentSpace()),
                ('ss', StandardScaler()), ('clf', SVC())])",oas,0.7083595875630284,0.7053426353822956,0.6085549938452538,0.7144165197883212,530.0485169887543,352.0140824317932,2626.57421875,./../../../data/raw/Data_npy/,-1,42,4,True,4,./results/,RSVM_MVT_search_preproc,./data/processed/,/iterations/,RSVM_MVT_search_preproc_iter,./logs/,True,True,True
-6,1.7,-0.75,65.0,3,"Pipeline(steps=[('cov', Covariances(estimator='oas')), ('ts', TangentSpace()),
                ('ss', StandardScaler()), ('clf', SVC())])",oas,0.8333466005739086,0.801435344887719,0.7089545023859135,0.8383811569388253,517.9984383583069,332.6254720687866,1778.81640625,./../../../data/raw/Data_npy/,-1,42,4,True,4,./results/,RSVM_MVT_search_preproc,./data/processed/,/iterations/,RSVM_MVT_search_preproc_iter,./logs/,True,True,True
-6,1.7,-0.75,65.0,11,"Pipeline(steps=[('cov', Covariances(estimator='oas')), ('ts', TangentSpace()),
                ('ss', StandardScaler()), ('clf', SVC())])",oas,0.8325936454969249,0.8049180321304472,0.73090346418155,0.8409907702539522,526.1987929344177,343.9900839328766,1782.359375,./../../../data/raw/Data_npy/,-1,42,4,True,4,./results/,RSVM_MVT_search_preproc,./data/processed/,/iterations/,RSVM_MVT_search_preproc_iter,./logs/,True,True,True
-6,1.7,-0.75,65.0,19,"Pipeline(steps=[('cov', Covariances(estimator='oas')), ('ts', TangentSpace()),
                ('ss', StandardScaler()), ('clf', SVC())])",oas,0.8152223977766256,0.7931778841990511,0.6892440201473911,0.820709091140849,523.7205195426941,342.8974666595459,1779.67578125,./../../../data/raw/Data_npy/,-1,42,4,True,4,./results/,RSVM_MVT_search_preproc,./data/processed/,/iterations/,RSVM_MVT_search_preproc_iter,./logs/,True,True,True
-6,1.7,-0.75,65.0,27,"Pipeline(steps=[('cov', Covariances(estimator='oas')), ('ts', TangentSpace()),
                ('ss', StandardScaler()), ('clf', SVC())])",oas,0.7251100309278239,0.7187880981153059,0.618881089891161,0.730548764685435,516.3662533760071,347.3747892379761,1993.09375,./../../../data/raw/Data_npy/,-1,42,4,True,4,./results/,RSVM_MVT_search_preproc,./data/processed/,/iterations/,RSVM_MVT_search_preproc_iter,./logs/,True,True,True
-6,1.7,-0.75,70.0,2,"Pipeline(steps=[('cov', Covariances(estimator='oas')), ('ts', TangentSpace()),
                ('ss', StandardScaler()), ('clf', SVC())])",oas,0.831989101734913,0.8024317888643995,0.7068698499946655,0.8374418573949605,515.0524530410767,323.89207792282104,2458.41796875,./../../../data/raw/Data_npy/,-1,42,4,True,4,./results/,RSVM_MVT_search_preproc,./data/processed/,/iterations/,RSVM_MVT_search_preproc_iter,./logs/,True,True,True
-6,1.7,-0.75,70.0,10,"Pipeline(steps=[('cov', Covariances(estimator='oas')), ('ts', TangentSpace()),
                ('ss', StandardScaler()), ('clf', SVC())])",oas,0.8315163530119537,0.806908512226148,0.7345077738864481,0.843366484990891,530.895955324173,323.7929437160492,2626.57421875,./../../../data/raw/Data_npy/,-1,42,4,True,4,./results/,RSVM_MVT_search_preproc,./data/processed/,/iterations/,RSVM_MVT_search_preproc_iter,./logs/,True,True,True
-6,1.7,-0.75,70.0,18,"Pipeline(steps=[('cov', Covariances(estimator='oas')), ('ts', TangentSpace()),
                ('ss', StandardScaler()), ('clf', SVC())])",oas,0.8156711610756477,0.7979851431050934,0.6916886734895287,0.8248074111318431,519.0829675197601,331.700332403183,1779.46875,./../../../data/raw/Data_npy/,-1,42,4,True,4,./results/,RSVM_MVT_search_preproc,./data/processed/,/iterations/,RSVM_MVT_search_preproc_iter,./logs/,True,True,True
-6,1.7,-0.75,70.0,26,"Pipeline(steps=[('cov', Covariances(estimator='oas')), ('ts', TangentSpace()),
                ('ss', StandardScaler()), ('clf', SVC())])",oas,0.7433680365423692,0.7310744109705289,0.6278347030076303,0.7464382034340529,524.1639518737793,336.22495341300964,1785.87109375,./../../../data/raw/Data_npy/,-1,42,4,True,4,./results/,RSVM_MVT_search_preproc,./data/processed/,/iterations/,RSVM_MVT_search_preproc_iter,./logs/,True,True,True
-6,1.7,-0.75,75.0,1,"Pipeline(steps=[('cov', Covariances(estimator='oas')), ('ts', TangentSpace()),
                ('ss', StandardScaler()), ('clf', SVC())])",oas,0.8313899394360555,0.8016064019792677,0.7066273881068279,0.8346444211219968,523.7727763652802,316.56998229026794,1778.84375,./../../../data/raw/Data_npy/,-1,42,4,True,4,./results/,RSVM_MVT_search_preproc,./data/processed/,/iterations/,RSVM_MVT_search_preproc_iter,./logs/,True,True,True
-6,1.7,-0.75,75.0,9,"Pipeline(steps=[('cov', Covariances(estimator='oas')), ('ts', TangentSpace()),
                ('ss', StandardScaler()), ('clf', SVC())])",oas,0.8374734495372689,0.8132369663492514,0.7296715962419028,0.8430909411273318,503.7888078689575,288.2109365463257,1969.52734375,./../../../data/raw/Data_npy/,-1,42,4,True,4,./results/,RSVM_MVT_search_preproc,./data/processed/,/iterations/,RSVM_MVT_search_preproc_iter,./logs/,True,True,True
-6,1.7,-0.75,75.0,17,"Pipeline(steps=[('cov', Covariances(estimator='oas')), ('ts', TangentSpace()),
                ('ss', StandardScaler()), ('clf', SVC())])",oas,0.8227111379792138,0.8018111564251513,0.6939626243757869,0.8259562174101216,517.4439425468445,296.9666278362274,2458.41796875,./../../../data/raw/Data_npy/,-1,42,4,True,4,./results/,RSVM_MVT_search_preproc,./data/processed/,/iterations/,RSVM_MVT_search_preproc_iter,./logs/,True,True,True
-6,1.7,-0.75,75.0,25,"Pipeline(steps=[('cov', Covariances(estimator='oas')), ('ts', TangentSpace()),
                ('ss', StandardScaler()), ('clf', SVC())])",oas,0.763007588858672,0.7400417827516697,0.6349428666456165,0.7614696556125968,525.9373178482056,290.52276706695557,2626.57421875,./../../../data/raw/Data_npy/,-1,42,4,True,4,./results/,RSVM_MVT_search_preproc,./data/processed/,/iterations/,RSVM_MVT_search_preproc_iter,./logs/,True,True,True
